id,date_collected,retailer_type,retailer_detail,food_type,food_detail,label_type,label_language,label_date,approximate_dollar_value,image_id,collection_lat,collection_long,label_explanation
5e31d5503b85a2e63d634187,1/27/2020,counter service,ready-to-eat and prepackaged health food,ready-to-eat,organic oatmeal,sticker,use by,1/28/2020,5.25,IMG_1872,40.69453,-73.99447,
5e31d5643b85a2e63d634188,1/27/2020,counter service,ready-to-eat and prepackaged health food,ready-to-eat,organic oatmeal,sticker,use by,1/28/2020,5.25,IMG_1873,40.69453,-73.99447,
5e31d8903b85a2e63d634189,1/27/2020,counter service,ready-to-eat and prepackaged health food,ready-to-eat,organic middle eastern salad,sticker,use by,1/28/2020,10,IMG_1874,40.69453,-73.99447,
5e31dcee3b85a2e63d63418a,1/27/2020,counter service,ready-to-eat and prepackaged health food,ready-to-eat,organic oatmeal,sticker,use by,1/28/2020,6.25,IMG_1875,40.69453,-73.99447,
5e31dd273b85a2e63d63418b,1/27/2020,counter service,ready-to-eat and prepackaged health food,ready-to-eat,organic mexican salad,sticker,use by,1/28/2020,10,IMG_1876,40.69453,-73.99447,
5e31dda03b85a2e63d63418c,1/27/2020,counter service,ready-to-eat and prepackaged health food,packaged,organic energy bar,sticker,12619,1/30/2020,3.5,IMG_1877,40.69453,-73.99447,
5e31ddb33b85a2e63d63418d,1/27/2020,counter service,ready-to-eat and prepackaged health food,packaged,organic energy bar,sticker,12619,1/30/2020,3.5,IMG_1879,40.69453,-73.99447,
5e31ddd23b85a2e63d63418e,1/27/2020,counter service,ready-to-eat and prepackaged health food,packaged,organic energy bar,sticker,12619,1/30/2020,3.5,IMG_1880,40.69453,-73.99447,
5e31dde13b85a2e63d63418f,1/27/2020,counter service,ready-to-eat and prepackaged health food,packaged,organic energy bar,sticker,12619,1/30/2020,3.5,IMG_1881,40.69453,-73.99447,
5e442b00c435958777371fc6,2/11/2020,health food grocer,"ready-to-eat, shelf-stable, frozen, and perishable health food",perishable,yogurt,package printed,,2/11/2020,3.99,IMG_1897,40.69335,-73.9915,
5e442be9c435958777371fc7,2/11/2020,health food grocer,"ready-to-eat, shelf-stable, frozen, and perishable health food",perishable,yogurt,package printed,,2/11/2020,3.99,IMG_1898,40.69335,-73.9915,
5e442cf0c435958777371fc8,2/11/2020,health food grocer,"ready-to-eat, shelf-stable, frozen, and perishable health food",perishable,organic yogurt,package printed,,2/11/2020,3.99,IMG_1899,40.69335,-73.9915,
5e4435a1c435958777371fc9,2/11/2020,health food grocer,"ready-to-eat, shelf-stable, frozen, and perishable health food",perishable,yogurt,package printed,,2020,1.25,IMG_1900,40.69335,-73.9915,
5e44362fc435958777371fca,2/11/2020,health food grocer,"ready-to-eat, shelf-stable, frozen, and perishable health food",perishable,organic yogurt,package printed,best by,3/25/2020,3.09,IMG_1902,40.69335,-73.9915,
5e44378ec435958777371fcb,2/11/2020,health food grocer,"ready-to-eat, shelf-stable, frozen, and perishable health food",perishable,organic oven roasted chicken breast,package printed,use or freeze by,2/1/2020,8.09,IMG_1905,40.69335,-73.9915,
5e4437c6c435958777371fcc,2/11/2020,health food grocer,"ready-to-eat, shelf-stable, frozen, and perishable health food",perishable,organic oven roasted chicken breast,package printed,use or freeze by,2/7/2020,8.09,IMG_1907,40.69335,-73.9915,
5e4445aac435958777371fcd,2/11/2020,health food grocer,"ready-to-eat, shelf-stable, frozen, and perishable health food",perishable,organic white flour torilla,package printed,,3/31/2019 21:16,4.38,IMG_1908,40.69335,-73.9915,
5e4445e8c435958777371fce,2/11/2020,health food grocer,"ready-to-eat, shelf-stable, frozen, and perishable health food",perishable,organic white flour torilla,package printed,,3/31/2019 21:14,4.38,IMG_1909,40.69335,-73.9915,
5e444759c435958777371fcf,2/11/2020,health food grocer,"ready-to-eat, shelf-stable, frozen, and perishable health food",perishable,brown rice torilla,package printed,t2513 dv,9/11/2019,4.38,IMG_1910,40.69335,-73.9915,lot numbers indicate the date of production and are used to track product for production and quality control purposes. we guarantee these products for 12 months when kept frozen from this date.
5e4449bcc435958777371fd0,2/11/2020,health food grocer,"ready-to-eat, shelf-stable, frozen, and perishable health food",perishable,organic sprouted grain torilla,sticker,,2/11/2020,4.49,IMG_1911,40.69335,-73.9915,
5e444b3bc435958777371fd1,2/11/2020,health food grocer,"ready-to-eat, shelf-stable, frozen, and perishable health food",perishable,millet and chia sliced bread,sticker,,2/11/2020,6.99,IMG_1912,40.69335,-73.9915,
5e444becc435958777371fd2,2/11/2020,health food grocer,"ready-to-eat, shelf-stable, frozen, and perishable health food",perishable,organic rocky mountain sourdough bread,sticker,,2/11/2020,5.99,IMG_1913,40.69335,-73.9915,
5e444ce5c435958777371fd3,2/11/2020,health food grocer,"ready-to-eat, shelf-stable, frozen, and perishable health food",shelf stable,organic cinnamon sticks,package printed,best by,9/1/2022,5.99,IMG_1915,40.69335,-73.9915,
5e4b37221c21c2a1bf62a7b3,2/11/2020,health food grocer,"ready-to-eat, shelf-stable, frozen, and perishable health food",shelf stable,organic marjoram,package printed,best by,,5.99,IMG_1916,40.69335,-73.9915,
5e4b37ae1c21c2a1bf62a7b4,2/11/2020,health food grocer,"ready-to-eat, shelf-stable, frozen, and perishable health food",perishable,organic sundried tomatoes,package printed,best by,4/15/2020,5.99,IMG_1917,40.69335,-73.9915,
5e4b39b11c21c2a1bf62a7b5,2/11/2020,health food grocer,"ready-to-eat, shelf-stable, frozen, and perishable health food",shelf stable,halva,package printed,by,10/28/2021,5.99,IMG_1918,40.69335,-73.9915,
5e4d3dfda5612b4eadee87c4,2/11/2020,health food grocer,"ready-to-eat, shelf-stable, frozen, and perishable health food",perishable,plant-based sausage,sticker,,2/11/2020,11.29,IMG_1919,40.69335,-73.9915,
5e4d3e1ba5612b4eadee87c5,2/11/2020,health food grocer,"ready-to-eat, shelf-stable, frozen, and perishable health food",perishable,plant-based sausage,sticker,,2/11/2020,11.29,IMG_1921,40.69335,-73.9915,
5e4d3e2ba5612b4eadee87c6,2/11/2020,health food grocer,"ready-to-eat, shelf-stable, frozen, and perishable health food",perishable,plant-based sausage,sticker,,2/11/2020,11.29,IMG_1922,40.69335,-73.9915,
5e4d4971a5612b4eadee87c7,2/11/2020,health food grocer,"ready-to-eat, shelf-stable, frozen, and perishable health food",perishable,organic riced cauliflower,package printed,best if used by,2/10/2020,5.19,IMG_1923,40.69335,-73.9915,
5e4d49a2a5612b4eadee87c8,2/11/2020,health food grocer,"ready-to-eat, shelf-stable, frozen, and perishable health food",perishable,organic riced cauliflower,package printed,best if used by,2/10/2020,5.19,IMG_1924,40.69335,-73.9915,
5e4d4a13a5612b4eadee87c9,2/11/2020,health food grocer,"ready-to-eat, shelf-stable, frozen, and perishable health food",perishable,organic riced cauliflower,package printed,best if used by,2/10/2020,5.19,IMG_1925,40.69335,-73.9915,
5e4d4a33a5612b4eadee87ca,2/11/2020,health food grocer,"ready-to-eat, shelf-stable, frozen, and perishable health food",perishable,organic riced cauliflower,package printed,best if used by,2/10/2020,5.19,IMG_1926,40.69335,-73.9915,
5e4d4abba5612b4eadee87cb,2/11/2020,health food grocer,"ready-to-eat, shelf-stable, frozen, and perishable health food",perishable,organic yogurt,package printed,,2/11/2020,0.75,IMG_1927,40.69335,-73.9915,
5e4d4ca4a5612b4eadee87cc,2/11/2020,health food grocer,"ready-to-eat, shelf-stable, frozen, and perishable health food",perishable,pasteurized grade a goat milk,package printed,sell by,2/14/2020,14.99,IMG_1929,40.69335,-73.9915,
5e4d4cada5612b4eadee87cd,2/11/2020,health food grocer,"ready-to-eat, shelf-stable, frozen, and perishable health food",perishable,pasteurized grade a goat milk,package printed,sell by,2/14/2020,14.99,IMG_1930,40.69335,-73.9915,
5e4d4cbba5612b4eadee87ce,2/11/2020,health food grocer,"ready-to-eat, shelf-stable, frozen, and perishable health food",perishable,pasteurized grade a goat milk,package printed,sell by,2/14/2020,14.99,IMG_1931,40.69335,-73.9915,
5e4d4cc5a5612b4eadee87cf,2/11/2020,health food grocer,"ready-to-eat, shelf-stable, frozen, and perishable health food",perishable,pasteurized grade a goat milk,package printed,sell by,2/14/2020,14.99,IMG_1932,40.69335,-73.9915,
5e4d4ccca5612b4eadee87d0,2/11/2020,health food grocer,"ready-to-eat, shelf-stable, frozen, and perishable health food",perishable,pasteurized grade a goat milk,package printed,sell by,2/14/2020,14.99,IMG_1933,40.69335,-73.9915,
5e62a8a357dbdc6ff70045a3,3/5/2020,drugstore,"ready-to-eat, shelf-stable, and frozen food",perishable,eggs,package printed,exp,3/5/2021,4.99,IMG_1960,40.69415,-73.99233,
5e62a90057dbdc6ff70045a4,3/5/2020,drugstore,"ready-to-eat, shelf-stable, and frozen food",perishable,american cheese slices,package printed,,12/29/2019,4.99,IMG_1961,40.69415,-73.99233,
5e62a9a957dbdc6ff70045a5,3/5/2020,drugstore,"ready-to-eat, shelf-stable, and frozen food",perishable,yogurt,package printed,,3/13/2020,1.89,IMG_1963,40.69415,-73.99233,
5e62a9de57dbdc6ff70045a6,3/5/2020,drugstore,"ready-to-eat, shelf-stable, and frozen food",perishable,yogurt,package printed,,3/12/2020,1.89,IMG_1964,40.69415,-73.99233,
5e62aa2957dbdc6ff70045a7,3/5/2020,drugstore,"ready-to-eat, shelf-stable, and frozen food",perishable,yogurt,package printed,,3/13/2020,1.89,IMG_1965,40.69415,-73.99233,
5e62aa3c57dbdc6ff70045a8,3/5/2020,drugstore,"ready-to-eat, shelf-stable, and frozen food",perishable,yogurt,package printed,,3/13/2020,1.89,IMG_1966,40.69415,-73.99233,
5e62aa5857dbdc6ff70045a9,3/5/2020,drugstore,"ready-to-eat, shelf-stable, and frozen food",perishable,yogurt,package printed,,3/13/2020,1.89,IMG_1968,40.69415,-73.99233,
5e62aad057dbdc6ff70045aa,3/5/2020,drugstore,"ready-to-eat, shelf-stable, and frozen food",ready-to-eat,basil infused tuna,package printed,best if used by,3/8/2020,3.19,IMG_1971,40.69415,-73.99233,
5e62ab7957dbdc6ff70045ab,3/5/2020,drugstore,"ready-to-eat, shelf-stable, and frozen food",ready-to-eat,cold brew coffee with almond milk,package printed,,2/19/2020,3.29,IMG_1972,40.69415,-73.99233,
5e62ac6557dbdc6ff70045ac,3/5/2020,drugstore,"ready-to-eat, shelf-stable, and frozen food",packaged,chickpea snacks,package printed,best by,9/19/2020,2.39,IMG_1973,40.69415,-73.99233,
5e62ad3157dbdc6ff70045ad,3/5/2020,drugstore,"ready-to-eat, shelf-stable, and frozen food",perishable,pepper jack cheese snack,package printed,p5b 16:50,2/9/2020,1.39,IMG_1975,40.69415,-73.99233,
5e62ad5f57dbdc6ff70045ae,3/5/2020,drugstore,"ready-to-eat, shelf-stable, and frozen food",perishable,pepper jack cheese snack,package printed,p5b 16:50,2/9/2020,1.39,IMG_1977,40.69415,-73.99233,
5e62ad7c57dbdc6ff70045af,3/5/2020,drugstore,"ready-to-eat, shelf-stable, and frozen food",perishable,pepper jack cheese snack,package printed,p5b 16:50,2/9/2020,1.39,IMG_1978,40.69415,-73.99233,
5e62b0d057dbdc6ff70045b0,3/5/2020,drugstore,"ready-to-eat, shelf-stable, and frozen food",ready-to-eat,italian deli meat sandwich,sticker,use by,3/4/2020,5.99,IMG_1979,40.69415,-73.99233,
5e62b34f57dbdc6ff70045b2,3/5/2020,drugstore,"ready-to-eat, shelf-stable, and frozen food",ready-to-eat,red velvet cake slice,sticker,,3/11/2020,2.99,IMG_1982,40.69415,-73.99233,
5e62b36757dbdc6ff70045b3,3/5/2020,drugstore,"ready-to-eat, shelf-stable, and frozen food",ready-to-eat,red velvet cake slice,sticker,,3/6/2020,2.99,IMG_1983,40.69415,-73.99233,
5e62b37857dbdc6ff70045b4,3/5/2020,drugstore,"ready-to-eat, shelf-stable, and frozen food",ready-to-eat,red velvet cake slice,sticker,,3/6/2020,2.99,IMG_1984,40.69415,-73.99233,
5e62b38c57dbdc6ff70045b5,3/5/2020,drugstore,"ready-to-eat, shelf-stable, and frozen food",ready-to-eat,red velvet cake slice,sticker,,3/11/2020,2.99,IMG_1985,40.69415,-73.99233,
5e62b42c57dbdc6ff70045b7,3/5/2020,drugstore,"ready-to-eat, shelf-stable, and frozen food",ready-to-eat,brownie-cookie,sticker,,3/6/2020,2.99,IMG_1986,40.69415,-73.99233,
5e62b45b57dbdc6ff70045b8,3/5/2020,drugstore,"ready-to-eat, shelf-stable, and frozen food",ready-to-eat,chocolate cake,sticker,,3/6/2020,2.99,IMG_1987,40.69415,-73.99233,
5e62b48b57dbdc6ff70045b9,3/5/2020,drugstore,"ready-to-eat, shelf-stable, and frozen food",ready-to-eat,chocolate cake,sticker,,3/6/2020,2.99,IMG_1988,40.69415,-73.99233,
5e62b49b57dbdc6ff70045ba,3/5/2020,drugstore,"ready-to-eat, shelf-stable, and frozen food",ready-to-eat,chocolate cake,sticker,,3/6/2020,2.99,IMG_1989,40.69415,-73.99233,
5e62b5b857dbdc6ff70045bb,3/5/2020,drugstore,"ready-to-eat, shelf-stable, and frozen food",packaged,valentine's chocolate sampler,package printed,p6493,6/1/2020,6.99,IMG_1990,40.69415,-73.99233,
5e62b5ee57dbdc6ff70045bc,3/5/2020,drugstore,"ready-to-eat, shelf-stable, and frozen food",packaged,mini chocolate donuts,sticker,,3/1/2020,1.99,IMG_1991,40.69415,-73.99233,
5e62b69b57dbdc6ff70045bd,3/5/2020,drugstore,"ready-to-eat, shelf-stable, and frozen food",packaged,iced honey bun,sticker,,3/10/2020,2.99,IMG_1992,40.69415,-73.99233,
5e62b6db57dbdc6ff70045bf,3/5/2020,drugstore,"ready-to-eat, shelf-stable, and frozen food",packaged,iced honey bun,sticker,,3/10/2020,2.99,IMG_1993,40.69415,-73.99233,
5e62b6f557dbdc6ff70045c0,3/5/2020,drugstore,"ready-to-eat, shelf-stable, and frozen food",packaged,iced honey bun,sticker,,3/10/2020,2.99,IMG_1994,40.69415,-73.99233,
5e62b80457dbdc6ff70045c1,3/5/2020,drugstore,"ready-to-eat, shelf-stable, and frozen food",packaged,king size heart-shaped peanut butter cups,package printed,bb,8/1/2020,0.99,IMG_1995,40.69415,-73.99233,
5e84fc680cd3827d5d8cff86,3/16/2020,coffeeshop,ready-to-eat and prepackaged food,packaged,cinnamon raisin bagel,sticker,for,3/15/2020,1.75,IMG_1997,40.6946,-73.99395,
5e84fe560cd3827d5d8cff87,3/16/2020,coffeeshop,ready-to-eat and prepackaged food,packaged,cheese and fruit box,sticker,enjoy by,3/16/2020,5.75,IMG_1996,40.6946,-73.99395,
5f48f6f1d40911354700bc97,8/24/2020,bakery/deli,ready-to-eat and prepackaged food,packaged,honey turkey and swiss wrap,package printed,exp,8/21/2020,8,IMG_4013,40.69485,-73.9949,
5f4bc1509bc38e8c3bf3ae33,8/24/2020,bakery/deli,ready-to-eat and prepackaged food,packaged,honey turkey and swiss wrap,package printed,exp,8/21/2020,8,IMG_4014,40.69485,-73.9949,
5f4bc1929bc38e8c3bf3ae34,8/24/2020,bakery/deli,ready-to-eat and prepackaged food,packaged,honey turkey and swiss wrap,package printed,exp,8/21/2020,8,IMG_4015,40.69485,-73.9949,
5f4bc3339bc38e8c3bf3ae35,8/24/2020,bakery/deli,ready-to-eat and prepackaged food,packaged,honey turkey and swiss wrap,package printed,exp,8/21/2020,8,IMG_4016,40.69485,-73.9949,
5f4bc3f39bc38e8c3bf3ae36,8/24/2020,bakery/deli,ready-to-eat and prepackaged food,packaged,honey turkey and swiss wrap,package printed,exp,8/22/2020,8,IMG_4017,40.69485,-73.9949,
5f4bc5609bc38e8c3bf3ae37,8/24/2020,bakery/deli,ready-to-eat and prepackaged food,packaged,honey turkey and swiss wrap,package printed,exp,8/21/2020,8,IMG_4018,40.69485,-73.9949,
5f4bc5999bc38e8c3bf3ae38,8/24/2020,bakery/deli,ready-to-eat and prepackaged food,packaged,honey turkey and swiss wrap,package printed,exp,8/22/2020,8,IMG_4019,40.69485,-73.9949,
5f4bc6709bc38e8c3bf3ae39,8/24/2020,bakery/deli,ready-to-eat and prepackaged food,packaged,deli wrap,package printed,exp,8/25/2020,8.5,IMG_4020,40.69485,-73.9949,
5f4bc68e9bc38e8c3bf3ae3a,8/24/2020,bakery/deli,ready-to-eat and prepackaged food,packaged,deli wrap,package printed,exp,8/25/2020,8.5,IMG_4021,40.69485,-73.9949,
5f4bc6a39bc38e8c3bf3ae3b,8/24/2020,bakery/deli,ready-to-eat and prepackaged food,packaged,deli wrap,package printed,exp,8/24/2020,8.5,IMG_4022,40.69485,-73.9949,
5f4bc7839bc38e8c3bf3ae3c,8/24/2020,bakery/deli,ready-to-eat and prepackaged food,packaged,spicy avocado blt,package printed,exp,8/24/2020,8.5,IMG_4023,40.69485,-73.9949,
5f4bc8289bc38e8c3bf3ae3d,8/24/2020,bakery/deli,ready-to-eat and prepackaged food,packaged,brussels sprouts,package printed,,x0374107,3.99,IMG_4024,40.69485,-73.9949,
5f4bc8b89bc38e8c3bf3ae3e,8/24/2020,bakery/deli,ready-to-eat and prepackaged food,packaged,farro kale salad,package printed,sell by,8/21/2020,9.13,IMG_4028,40.69485,-73.9949,
5f4bc9a99bc38e8c3bf3ae3f,8/24/2020,bakery/deli,ready-to-eat and prepackaged food,packaged,veggie meatloaf large,package printed,sell by,8/14/2020,8.07,IMG_4029,40.69485,-73.9949,
5f4bc9ed9bc38e8c3bf3ae40,8/24/2020,bakery/deli,ready-to-eat and prepackaged food,packaged,yankee pot roast,package printed,sell by,8/23/2020,14.4,IMG_4030,40.69485,-73.9949,
5f4bd41b9bc38e8c3bf3ae41,8/24/2020,bakery/deli,ready-to-eat and prepackaged food,packaged,yankee pot roast,package printed,sell by,8/23/2020,14.4,IMG_4031,40.69485,-73.9949,
5f4bd45c9bc38e8c3bf3ae42,8/24/2020,bakery/deli,ready-to-eat and prepackaged food,packaged,chicken salad,package printed,sell by,8/24/2020,5.76,IMG_4032,40.69485,-73.9949,
5f4bd5249bc38e8c3bf3ae43,8/24/2020,bakery/deli,ready-to-eat and prepackaged food,packaged,chicken salad,package printed,sell by,8/21/2020,6.23,IMG_4033,40.69485,-73.9949,
5f4bd56a9bc38e8c3bf3ae44,8/24/2020,bakery/deli,ready-to-eat and prepackaged food,packaged,whitefish salad,package printed,sell by,8/28/2020,12.05,IMG_4034,40.69485,-73.9949,
5f4bd5a99bc38e8c3bf3ae45,8/24/2020,bakery/deli,ready-to-eat and prepackaged food,packaged,pesto tortellini,package printed,sell by,8/23/2020,4.14,IMG_4035,40.69485,-73.9949,
5f4bd61c9bc38e8c3bf3ae46,8/24/2020,bakery/deli,ready-to-eat and prepackaged food,packaged,cut cantaloupe,package printed,sell by,8/22/2020,4.34,IMG_4036,40.69485,-73.9949,
5f4bd69d9bc38e8c3bf3ae47,8/24/2020,bakery/deli,ready-to-eat and prepackaged food,packaged,orzo pasta salad,package printed,sell by,8/23/2020,2.82,IMG_4037,40.69485,-73.9949,
5f4bd7059bc38e8c3bf3ae48,8/24/2020,bakery/deli,ready-to-eat and prepackaged food,packaged,orzo pasta salad,package printed,sell by,8/23/2020,3.17,IMG_4038,40.69485,-73.9949,
5f4bd7879bc38e8c3bf3ae49,8/24/2020,bakery/deli,ready-to-eat and prepackaged food,packaged,cut pineapple,package printed,sell by,8/22/2020,4.49,IMG_4039,40.69485,-73.9949,
5f4bd8279bc38e8c3bf3ae4a,8/24/2020,bakery/deli,ready-to-eat and prepackaged food,packaged,toasted freekeh pilaf,package printed,sell by,8/23/2020,4.23,IMG_4040,40.69485,-73.9949,
5f4bd8c99bc38e8c3bf3ae4b,8/24/2020,bakery/deli,ready-to-eat and prepackaged food,packaged,carrot and celery sticks,package printed,exp,8/23/2020,2.95,IMG_4045,40.69485,-73.9949,
5f4bd97f9bc38e8c3bf3ae4c,8/24/2020,bakery/deli,ready-to-eat and prepackaged food,packaged,carrot and celery sticks,package printed,exp,8/23/2020,2.95,IMG_4046,40.69485,-73.9949,
5f4bd9999bc38e8c3bf3ae4d,8/24/2020,bakery/deli,ready-to-eat and prepackaged food,packaged,carrot and celery sticks,package printed,exp,8/23/2020,2.95,IMG_4048,40.69485,-73.9949,
5f4bd9c69bc38e8c3bf3ae4e,8/24/2020,bakery/deli,ready-to-eat and prepackaged food,packaged,orange slices,package printed,sell by,8/23/2020,4.05,IMG_4044,40.69485,-73.9949,
5f4bda3d9bc38e8c3bf3ae4f,8/24/2020,bakery/deli,ready-to-eat and prepackaged food,packaged,roasted brussels sprouts,package printed,sell by,8/18/2020,10.55,IMG_4043,40.69485,-73.9949,
5f4bda7b9bc38e8c3bf3ae50,8/24/2020,bakery/deli,ready-to-eat and prepackaged food,packaged,roasted cauliflower,package printed,sell by,8/21/2020,14.38,IMG_4042,40.69485,-73.9949,
5f4bdabb9bc38e8c3bf3ae51,8/24/2020,bakery/deli,ready-to-eat and prepackaged food,packaged,roasted cauliflower,package printed,sell by,8/24/2020,10.43,IMG_4041,40.69485,-73.9949,
5f4bdb8f9bc38e8c3bf3ae52,8/24/2020,bakery/deli,ready-to-eat and prepackaged food,packaged,brussels sprouts,package printed,,x0374107,3.99,IMG_4027,40.69485,-73.9949,
5f4bdbf29bc38e8c3bf3ae53,8/24/2020,bakery/deli,ready-to-eat and prepackaged food,packaged,brussels sprouts,package printed,,x0374107,3.99,IMG_4026,40.69485,-73.9949,
5f4bdc0a9bc38e8c3bf3ae54,8/24/2020,bakery/deli,ready-to-eat and prepackaged food,packaged,brussels sprouts,package printed,,x0374107,3.99,IMG_4025,40.69485,-73.9949,
5fb845f1797bb408d1ba2b8a,10/29/2020,drugstore,"ready-to-eat, shelf-stable, and frozen food",perishable,yogurt,package printed,,10/29/2020,1.89,IMG_3958,40.69415,-73.99233,
5fb84608797bb408d1ba2b8b,10/29/2020,drugstore,"ready-to-eat, shelf-stable, and frozen food",perishable,yogurt,package printed,,10/29/2020,1.89,IMG_3959,40.69415,-73.99233,
5fb8461b797bb408d1ba2b8c,10/29/2020,drugstore,"ready-to-eat, shelf-stable, and frozen food",perishable,yogurt,package printed,,10/29/2020,1.89,IMG_3960,40.69415,-73.99233,
5fb8462a797bb408d1ba2b8d,10/29/2020,drugstore,"ready-to-eat, shelf-stable, and frozen food",perishable,yogurt,package printed,,10/29/2020,1.89,IMG_3961,40.69415,-73.99233,
5fb8463b797bb408d1ba2b8e,10/29/2020,drugstore,"ready-to-eat, shelf-stable, and frozen food",perishable,yogurt,package printed,,10/29/2020,1.89,IMG_3962,40.69415,-73.99233,
5fb8464d797bb408d1ba2b8f,10/29/2020,drugstore,"ready-to-eat, shelf-stable, and frozen food",perishable,yogurt,package printed,,10/29/2020,1.89,IMG_3963,40.69415,-73.99233,
5fb84674797bb408d1ba2b90,10/29/2020,drugstore,"ready-to-eat, shelf-stable, and frozen food",perishable,yogurt,package printed,,10/28/2020,1.89,IMG_3965,40.69415,-73.99233,
5fb8469f797bb408d1ba2b91,10/29/2020,drugstore,"ready-to-eat, shelf-stable, and frozen food",perishable,yogurt,package printed,,10/29/2020,1.89,IMG_3966,40.69415,-73.99233,
5fb846ac797bb408d1ba2b92,10/29/2020,drugstore,"ready-to-eat, shelf-stable, and frozen food",perishable,yogurt,package printed,,10/29/2020,1.89,IMG_3967,40.69415,-73.99233,
5fb846bc797bb408d1ba2b93,10/29/2020,drugstore,"ready-to-eat, shelf-stable, and frozen food",perishable,yogurt,package printed,,10/23/2020,1.89,IMG_3968,40.69415,-73.99233,
5fc3f347e12e1aa995d0b3ff,11/20/2020,chain grocer,"ready-to-eat, shelf-stable, frozen, and perishable food",perishable,california roll sushi,sticker,sell thru,11/19/2020,5.95,IMG_3969,40.69789,-73.99267,
5fc3f396e12e1aa995d0b400,11/20/2020,chain grocer,"ready-to-eat, shelf-stable, frozen, and perishable food",perishable,vegetable roll sushi,sticker,sell thru,11/19/2020,5.95,IMG_3970,40.69789,-73.99267,
5fc3f403e12e1aa995d0b401,11/20/2020,chain grocer,"ready-to-eat, shelf-stable, frozen, and perishable food",perishable,lobster roll sushi,sticker,sell thru,11/19/2020,6.95,IMG_3977,40.69789,-73.99267,
5fc3f4d1e12e1aa995d0b402,11/20/2020,chain grocer,"ready-to-eat, shelf-stable, frozen, and perishable food",perishable,rainbow roll sushi,sticker,sell thru,11/20/2020,12.95,IMG_3971,40.69789,-73.99267,
5fc3f522e12e1aa995d0b403,11/20/2020,chain grocer,"ready-to-eat, shelf-stable, frozen, and perishable food",perishable,california roll sushi,sticker,sell thru,11/19/2020,5.95,IMG_3972,40.69789,-73.99267,
5fc3f54ce12e1aa995d0b404,11/20/2020,chain grocer,"ready-to-eat, shelf-stable, frozen, and perishable food",perishable,crab & avocado brown roll sushi,sticker,sell thru,11/19/2020,5.95,IMG_3973,40.69789,-73.99267,
5fc3f672e12e1aa995d0b405,11/20/2020,chain grocer,"ready-to-eat, shelf-stable, frozen, and perishable food",perishable,shrimp california roll sushi,sticker,sell thru,11/19/2020,6.95,IMG_3974,40.69789,-73.99267,
5fc3f687e12e1aa995d0b406,11/20/2020,chain grocer,"ready-to-eat, shelf-stable, frozen, and perishable food",perishable,california roll sushi,sticker,sell thru,11/19/2020,5.95,IMG_3975,40.69789,-73.99267,
5fc3f696e12e1aa995d0b407,11/20/2020,chain grocer,"ready-to-eat, shelf-stable, frozen, and perishable food",perishable,california roll sushi,sticker,sell thru,11/19/2020,5.95,IMG_3976,40.69789,-73.99267,
5fc3f9d2e12e1aa995d0b408,11/20/2020,chain grocer,"ready-to-eat, shelf-stable, frozen, and perishable food",perishable,usda choice hereford small diced beef,sticker,sell by,11/20/2020,4.67,IMG_3978,40.69789,-73.99267,
5fc3fa91e12e1aa995d0b409,11/20/2020,chain grocer,"ready-to-eat, shelf-stable, frozen, and perishable food",perishable,round bone lamb shoulder chops,sticker,sell by,11/21/2020,6.63,IMG_3979,40.69789,-73.99267,
5fc3fbf5e12e1aa995d0b40a,11/20/2020,chain grocer,"ready-to-eat, shelf-stable, frozen, and perishable food",perishable,dark chocolate hummus,sticker,,11/20/2020,3.99,IMG_3980,40.69789,-73.99267,
5fc400abe12e1aa995d0b40b,11/20/2020,chain grocer,"ready-to-eat, shelf-stable, frozen, and perishable food",perishable,cut cantaloupe,sticker,sell thru,11/20/2020,5.84,IMG_3981,40.69789,-73.99267,
5fc42e05e12e1aa995d0b40c,11/20/2020,chain grocer,"ready-to-eat, shelf-stable, frozen, and perishable food",perishable,mixed fruit cup,sticker,sell thru,11/21/2020,5.94,IMG_3982,40.69789,-73.99267,
5fc42e51e12e1aa995d0b40d,11/20/2020,chain grocer,"ready-to-eat, shelf-stable, frozen, and perishable food",perishable,honeydew cup,sticker,sell thru,11/19/2020,3.94,IMG_3983,40.69789,-73.99267,
5fc42e82e12e1aa995d0b40e,11/20/2020,chain grocer,"ready-to-eat, shelf-stable, frozen, and perishable food",perishable,honeydew cup,sticker,sell thru,11/19/2020,3.24,IMG_3984,40.69789,-73.99267,
5fc42ec2e12e1aa995d0b40f,11/20/2020,chain grocer,"ready-to-eat, shelf-stable, frozen, and perishable food",perishable,mixed fruit cup,sticker,sell thru,11/19/2020,5.73,IMG_3985,40.69789,-73.99267,
5fc42ef9e12e1aa995d0b410,11/20/2020,chain grocer,"ready-to-eat, shelf-stable, frozen, and perishable food",perishable,pineapple cup,sticker,sell thru,11/21/2020,6.59,IMG_3986,40.69789,-73.99267,
5fc42f91e12e1aa995d0b411,11/20/2020,chain grocer,"ready-to-eat, shelf-stable, frozen, and perishable food",perishable,grilled chicken with sesame noodle hot dinner,sticker,sell thru,11/20/2020,8.99,IMG_3988,40.69789,-73.99267,
5fc42fece12e1aa995d0b412,11/20/2020,chain grocer,"ready-to-eat, shelf-stable, frozen, and perishable food",perishable,cut cantaloupe,sticker,sell thru,11/20/2020,5.64,IMG_3987,40.69789,-73.99267,
5fc4303ce12e1aa995d0b413,11/20/2020,chain grocer,"ready-to-eat, shelf-stable, frozen, and perishable food",perishable,half chicken dinner,sticker,sell thru,11/20/2020,8.99,IMG_3989,40.69789,-73.99267,
5fc43082e12e1aa995d0b414,11/20/2020,chain grocer,"ready-to-eat, shelf-stable, frozen, and perishable food",perishable,brisket of beef,sticker,sell thru,11/19/2020,13.64,IMG_3990,40.69789,-73.99267,
5fc430e0e12e1aa995d0b415,11/20/2020,chain grocer,"ready-to-eat, shelf-stable, frozen, and perishable food",perishable,grilled chicken with sesame noodle hot dinner,sticker,sell thru,11/20/2020,8.99,IMG_3992,40.69789,-73.99267,
5fc43128e12e1aa995d0b416,11/20/2020,chain grocer,"ready-to-eat, shelf-stable, frozen, and perishable food",perishable,brisket of beef,sticker,sell thru,11/19/2020,14.16,IMG_3991,40.69789,-73.99267,
5fc431aae12e1aa995d0b417,11/20/2020,chain grocer,"ready-to-eat, shelf-stable, frozen, and perishable food",perishable,turkey wings smoked,sticker,sell by,11/30/2020,2.39,IMG_3993,40.69789,-73.99267,
5fc431e6e12e1aa995d0b418,11/20/2020,chain grocer,"ready-to-eat, shelf-stable, frozen, and perishable food",perishable,mixed fruit cup,sticker,sell thru,11/19/2020,5.66,IMG_3994,40.69789,-73.99267,
5fc43224e12e1aa995d0b419,11/20/2020,chain grocer,"ready-to-eat, shelf-stable, frozen, and perishable food",perishable,mixed fruit cup,sticker,sell thru,11/19/2020,5.8,IMG_3997,40.69789,-73.99267,
5fc4329ae12e1aa995d0b41a,11/20/2020,chain grocer,"ready-to-eat, shelf-stable, frozen, and perishable food",perishable,honeydew cup,sticker,sell thru,11/19/2020,3.59,IMG_3996,40.69789,-73.99267,
5fc43303e12e1aa995d0b41b,11/20/2020,chain grocer,"ready-to-eat, shelf-stable, frozen, and perishable food",perishable,turkey wings smoked,sticker,sell by,11/30/2020,2.03,IMG_3998,40.69789,-73.99267,
5fc43370e12e1aa995d0b41c,11/20/2020,chain grocer,"ready-to-eat, shelf-stable, frozen, and perishable food",perishable,turkey drums,sticker,sell by,11/20/2020,2.24,IMG_3999,40.69789,-73.99267,
5fc433e4e12e1aa995d0b41d,11/20/2020,chain grocer,"ready-to-eat, shelf-stable, frozen, and perishable food",perishable,chicken backs,sticker,sell by,11/20/2020,0.73,IMG_4004,40.69789,-73.99267,
5fc43475e12e1aa995d0b41e,11/20/2020,chain grocer,"ready-to-eat, shelf-stable, frozen, and perishable food",perishable,packaged romaine lettuce,package printed,,11/27/2020,3.99,IMG_4002,40.69789,-73.99267,
5fc43584e12e1aa995d0b41f,11/20/2020,chain grocer,"ready-to-eat, shelf-stable, frozen, and perishable food",perishable,turkey wings smoked,sticker,sell by,11/30/2020,1.91,IMG_4008,40.69789,-73.99267,
5fc4361de12e1aa995d0b420,11/20/2020,chain grocer,"ready-to-eat, shelf-stable, frozen, and perishable food",perishable,mixed fruit cup,sticker,sell thru,11/21/2020,5.73,IMG_4009,40.69789,-73.99267,
6019ec67fa9ce8544fb3cda4,12/18/2020,health food grocer,"ready-to-eat, shelf-stable, frozen, and perishable health food",shelf stable,chocolate-flavored vegan protein powder,package printed,best used by,8/1/2021,26.99,IMG_4011,40.69335,-73.9915,
6019ed91fa9ce8544fb3cda5,12/18/2020,health food grocer,"ready-to-eat, shelf-stable, frozen, and perishable health food",perishable,organic broccoli sprouts,package printed,expires,12/19/2020,3.99,IMG_4013,40.69335,-73.9915,
6019ee4dfa9ce8544fb3cda6,12/18/2020,health food grocer,"ready-to-eat, shelf-stable, frozen, and perishable health food",perishable,whole wheat pita bread,sticker,,12/23/2020,3.49,IMG_4014,40.69335,-73.9915,
6019eed8fa9ce8544fb3cda7,12/18/2020,health food grocer,"ready-to-eat, shelf-stable, frozen, and perishable health food",perishable,sir kensington's special sauce,package printed,best if used by,6/8/2021,4.99,IMG_4049,40.69335,-73.9915,
6019efd7fa9ce8544fb3cda8,12/18/2020,health food grocer,"ready-to-eat, shelf-stable, frozen, and perishable health food",perishable,garlic sauerkraut,sticker,best by,1/3/2021,10.49,IMG_4056,40.69335,-73.9915,
6019f02bfa9ce8544fb3cda9,12/18/2020,health food grocer,"ready-to-eat, shelf-stable, frozen, and perishable health food",perishable,pistachio nutmilk,package printed,,5/16/2021,6.49,IMG_4051,40.69335,-73.9915,
6019f07bfa9ce8544fb3cdaa,12/18/2020,health food grocer,"ready-to-eat, shelf-stable, frozen, and perishable health food",perishable,organic alfalfa sprouts,sticker,sell by,12/25/2020,1.99,IMG_4058,40.69335,-73.9915,
6019f08afa9ce8544fb3cdab,12/18/2020,health food grocer,"ready-to-eat, shelf-stable, frozen, and perishable health food",perishable,organic alfalfa sprouts,sticker,sell by,12/25/2020,1.99,IMG_4059,40.69335,-73.9915,
6019f20cfa9ce8544fb3cdac,12/18/2020,health food grocer,"ready-to-eat, shelf-stable, frozen, and perishable health food",perishable,gluten free whole grain bread,sticker,,12/16/2020,5.99,IMG_4069,40.69335,-73.9915,
6025beb3725181c8c2936464,2/5/2021,drugstore,"ready-to-eat, shelf-stable, and frozen food",perishable,flatbread pepperoni pizza,package printed,use by,2/5/2021,1.99,IMG_4064,40.6912,-73.98716,
6025bf29725181c8c2936465,2/5/2021,drugstore,"ready-to-eat, shelf-stable, and frozen food",perishable,flatbread pepperoni pizza,package printed,use by,2/5/2021,1.99,IMG_4066,40.6912,-73.98716,
6025bf3a725181c8c2936466,2/5/2021,drugstore,"ready-to-eat, shelf-stable, and frozen food",perishable,flatbread pepperoni pizza,package printed,use by,2/5/2021,1.99,IMG_4067,40.6912,-73.98716,
6025bf46725181c8c2936467,2/5/2021,drugstore,"ready-to-eat, shelf-stable, and frozen food",perishable,flatbread pepperoni pizza,package printed,use by,2/5/2021,1.99,IMG_4070,40.6912,-73.98716,
6025bf4f725181c8c2936468,2/5/2021,drugstore,"ready-to-eat, shelf-stable, and frozen food",perishable,flatbread pepperoni pizza,package printed,use by,2/5/2021,1.99,IMG_4071,40.6912,-73.98716,
6025bf6b725181c8c2936469,2/5/2021,drugstore,"ready-to-eat, shelf-stable, and frozen food",perishable,flatbread pepperoni pizza,package printed,use by,2/5/2021,1.99,IMG_4072,40.6912,-73.98716,
6025bfa6725181c8c293646a,2/5/2021,drugstore,"ready-to-eat, shelf-stable, and frozen food",perishable,egg salad sandwich,package printed,use by,2/4/2021,5.99,IMG_4074,40.6912,-73.98716,
6025c0ac725181c8c293646b,2/5/2021,drugstore,"ready-to-eat, shelf-stable, and frozen food",perishable,mandarin orange fruit cup,package printed,best by,7/20/2021,1.99,IMG_4075,40.6912,-73.98716,
6025c0b9725181c8c293646c,2/5/2021,drugstore,"ready-to-eat, shelf-stable, and frozen food",perishable,mandarin orange fruit cup,package printed,best by,7/20/2021,1.99,IMG_4076,40.6912,-73.98716,
6025c0f0725181c8c293646d,2/5/2021,drugstore,"ready-to-eat, shelf-stable, and frozen food",perishable,mandarin orange fruit cup,package printed,best by,7/20/2021,1.99,IMG_4077,40.6912,-73.98716,
6025c0fb725181c8c293646e,2/5/2021,drugstore,"ready-to-eat, shelf-stable, and frozen food",perishable,mandarin orange fruit cup,package printed,best by,7/20/2021,1.99,IMG_4078,40.6912,-73.98716,
6025c15f725181c8c293646f,2/5/2021,drugstore,"ready-to-eat, shelf-stable, and frozen food",perishable,flatbread pepperoni pizza,package printed,use by,2/5/2021,1.99,IMG_4079,40.6912,-73.98716,
6025c1ed725181c8c2936470,2/5/2021,drugstore,"ready-to-eat, shelf-stable, and frozen food",perishable,mandarin orange fruit cup,package printed,bb,12/12/2021,1.99,IMG_4081,40.6912,-73.98716,
6025c343725181c8c2936471,2/5/2021,drugstore,"ready-to-eat, shelf-stable, and frozen food",packaged,multivitamin gummies,package printed,exp,7/1/2022,16.99,IMG_4083,40.6912,-73.98716,
